{
    "web": {
        "client_id": "425176257176-ro3fcpq87bjj4drvjsfu2lgs589dh7qf.apps.googleusercontent.com",
        "project_id": "ta-1772028",
        "auth_uri": "https://accounts.google.com/o/oauth2/auth",
        "token_uri": "https://oauth2.googleapis.com/token",
        "auth_provider_x509_cert_url": "https://www.googleapis.com/oauth2/v1/certs",
        "client_secret": "PmG1q6UW6wvAdLE-_lCzYM3h",
        "redirect_uris": [
            "http://localhost:8000/auth/google/callback"
        ],
        "javascript_origins": [
            "http://localhost:8000"
        ]
    }
}